{
  "alogp": {
    "mean": 0.7488666666666717,
    "std": 0.9296321925005246,
    "min": -0.27599999999999597,
    "max": 1.5378000000000012,
    "median": 0.9848000000000097
  },
  "exact_mass": {
    "mean": 648.9776959000001,
    "std": 158.3080479357447,
    "min": 522.2372871880001,
    "max": 826.427213196,
    "median": 598.2685873160001
  },
  "rotatable_bonds": {
    "mean": 8.333333333333334,
    "std": 2.3094010767585034,
    "min": 